trip_id,arrival_time,departure_time,stop_id,stop_sequence,stop_headsign,pickup_type,drop_off_type,shape_dist_traveled
5288300, 9:29:00, 9:29:00,10076,1,,0,0,
5288300, 9:33:00, 9:33:00,215,2,,0,0,0.9562
5288300, 9:34:00, 9:34:00,242,3,,0,0,1.1636
5288300, 9:35:00, 9:35:00,244,4,,0,0,1.3711
5288300, 9:35:58, 9:35:58,246,5,,0,0,1.5717
5288300, 9:37:00, 9:37:00,248,6,,0,0,1.7742
5288300, 9:37:37, 9:37:37,250,7,,0,0,1.9625
5288300, 9:38:20, 9:38:20,218,8,,0,0,2.1781
5288300, 9:39:00, 9:39:00,219,9,,0,0,2.3742
5288300, 9:39:38, 9:39:38,252,10,,0,0,2.577
5288300, 9:40:16, 9:40:16,9515,11,,0,0,2.7811
5288300, 9:40:52, 9:40:52,9516,12,,0,0,2.9745
5288300, 9:41:21, 9:41:21,9517,13,,0,0,3.1268
5288300, 9:42:10, 9:42:10,9518,14,,0,0,3.384
5288300, 9:43:00, 9:43:00,9519,15,,0,0,3.6325
5288300, 9:43:50, 9:43:50,9520,16,,0,0,3.8822
5288300, 9:44:37, 9:44:37,9521,17,,0,0,4.1205
5288300, 9:45:31, 9:45:31,9522,18,,0,0,4.3898
5288300, 9:46:20, 9:46:20,9523,19,,0,0,4.6358
5288300, 9:47:00, 9:47:00,11030,20,,0,0,4.8269
5288300, 9:48:20, 9:48:20,11409,21,,0,0,5.2749
5288300, 9:49:13, 9:49:13,11246,22,,0,0,5.572
5288300, 9:50:15, 9:50:15,11245,23,,0,0,5.9172
5288300, 9:50:43, 9:50:43,2503,24,,0,0,6.0745
5288300, 9:51:26, 9:51:26,2504,25,,0,0,6.3131
5288300, 9:52:40, 9:52:40,2505,26,,0,0,6.7262
5288300, 9:55:00, 9:55:00,9948,27,,0,0,7.4868
5288300, 9:56:53, 9:56:53,9950,28,,0,0,8.1068
5288300, 9:58:18, 9:58:18,12175,29,,0,0,8.5738
5288300,10:00:09,10:00:09,9624,30,,0,0,9.1821
5288300,10:01:12,10:01:12,9639,31,,0,0,9.5279
5288300,10:04:00,10:04:00,11274,32,,0,0,10.4375
5288301, 9:19:00, 9:19:00,162,1,,0,0,
5288301, 9:19:23, 9:19:23,163,2,,0,0,0.2311
5288301, 9:20:30, 9:20:30,147,3,,0,0,0.9073
5288301, 9:21:12, 9:21:12,148,4,,0,0,1.33
5288301, 9:21:33, 9:21:33,149,5,,0,0,1.5472
5288301, 9:22:21, 9:22:21,10699,6,,0,0,2.0329
5288301, 9:22:47, 9:22:47,150,7,,0,0,2.3002
5288301, 9:23:22, 9:23:22,151,8,,0,0,2.6533
5288301, 9:25:31, 9:25:31,11309,9,,0,0,3.957
5288301, 9:27:31, 9:27:31,12026,10,,0,0,5.1703
5288301, 9:28:27, 9:28:27,11310,11,,0,0,5.7395
5288301, 9:29:03, 9:29:03,2665,12,,0,0,6.1097
5288301, 9:29:57, 9:29:57,2651,13,,0,0,6.6531
5288301, 9:31:00, 9:31:00,10430,14,,0,0,7.2328
5288301, 9:32:56, 9:32:56,2652,15,,0,0,7.9567
5288301, 9:33:32, 9:33:32,2653,16,,0,0,8.1807
5288301, 9:34:27, 9:34:27,2654,17,,0,0,8.5218
5288301, 9:34:54, 9:34:54,10424,18,,0,0,8.6948
5288301, 9:35:16, 9:35:16,2655,19,,0,0,8.8328
5288301, 9:36:00, 9:36:00,76,20,,0,0,9.0924
5288301, 9:36:46, 9:36:46,2656,21,,0,0,9.4738
5288301, 9:37:14, 9:37:14,2657,22,,0,0,9.7048
5288301, 9:38:01, 9:38:01,4433,23,,0,0,10.0932
5288301, 9:39:00, 9:39:00,4434,24,,0,0,10.5592
5288301, 9:39:46, 9:39:46,4435,25,,0,0,10.8613
5288301, 9:40:39, 9:40:39,4436,26,,0,0,11.2103
5288301, 9:42:01, 9:42:01,4223,27,,0,0,11.7419
5288301, 9:42:21, 9:42:21,4224,28,,0,0,11.8779
5288301, 9:42:52, 9:42:52,4225,29,,0,0,12.082
5288301, 9:43:21, 9:43:21,4226,30,,0,0,12.2711
5288301, 9:43:50, 9:43:50,4227,31,,0,0,12.4622
5288301, 9:44:18, 9:44:18,4228,32,,0,0,12.6462
5288301, 9:44:47, 9:44:47,4229,33,,0,0,12.8403
5288301, 9:45:16, 9:45:16,4230,34,,0,0,13.0303
5288301, 9:45:44, 9:45:44,4231,35,,0,0,13.2174
5288301, 9:46:20, 9:46:20,4232,36,,0,0,13.4535
5288301, 9:46:41, 9:46:41,4233,37,,0,0,13.5955
5288301, 9:47:07, 9:47:07,4234,38,,0,0,13.7675
5288301, 9:47:38, 9:47:38,4235,39,,0,0,13.9706
5288301, 9:48:07, 9:48:07,3686,40,,0,0,14.1597
5288301, 9:48:36, 9:48:36,3687,41,,0,0,14.3537
5288301, 9:49:05, 9:49:05,3688,42,,0,0,14.5418
5288301, 9:49:32, 9:49:32,3689,43,,0,0,14.7192
5288301, 9:49:56, 9:49:56,3690,44,,0,0,14.879
5288301, 9:50:46, 9:50:46,3691,45,,0,0,15.2081
5288301, 9:51:19, 9:51:19,3692,46,,0,0,15.4251
5288301, 9:51:46, 9:51:46,3215,47,,0,0,15.6011
5288301, 9:52:59, 9:52:59,3218,48,,0,0,16.0788
5288301, 9:53:48, 9:53:48,3220,49,,0,0,16.4011
5288301, 9:54:12, 9:54:12,3221,50,,0,0,16.5571
5288301,10:02:14,10:02:14,277,51,,0,0,19.6815
5288301,10:03:00,10:03:00,215,52,,0,0,19.8906
5288301,10:04:00,10:04:00,242,53,,0,0,20.0981
5288301,10:05:00,10:05:00,244,54,,0,0,20.3056
5288301,10:05:58,10:05:58,246,55,,0,0,20.5062
5288301,10:07:00,10:07:00,248,56,,0,0,20.7087
5288301,10:07:37,10:07:37,250,57,,0,0,20.897
5288301,10:08:20,10:08:20,218,58,,0,0,21.1126
5288301,10:09:00,10:09:00,219,59,,0,0,21.3087
5288301,10:09:38,10:09:38,252,60,,0,0,21.5115
5288301,10:10:16,10:10:16,9515,61,,0,0,21.7156
5288301,10:10:52,10:10:52,9516,62,,0,0,21.909
5288301,10:11:21,10:11:21,9517,63,,0,0,22.0613
5288301,10:12:10,10:12:10,9518,64,,0,0,22.3185
5288301,10:13:00,10:13:00,9519,65,,0,0,22.567
5288301,10:13:50,10:13:50,9520,66,,0,0,22.8167
5288301,10:14:37,10:14:37,9521,67,,0,0,23.055
5288301,10:15:31,10:15:31,9522,68,,0,0,23.3242
5288301,10:16:20,10:16:20,9523,69,,0,0,23.5703
5288301,10:17:00,10:17:00,11030,70,,0,0,23.7614
5288301,10:18:20,10:18:20,11409,71,,0,0,24.2094
5288301,10:19:13,10:19:13,11246,72,,0,0,24.5065
5288301,10:20:15,10:20:15,11245,73,,0,0,24.8516
5288301,10:20:43,10:20:43,2503,74,,0,0,25.0089
5288301,10:21:26,10:21:26,2504,75,,0,0,25.2475
5288301,10:22:40,10:22:40,2505,76,,0,0,25.6606
5288301,10:25:00,10:25:00,9948,77,,0,0,26.4213
5288301,10:26:53,10:26:53,9950,78,,0,0,27.0412
5288301,10:28:18,10:28:18,12175,79,,0,0,27.5082
5288301,10:30:09,10:30:09,9624,80,,0,0,28.1166
5288301,10:31:12,10:31:12,9639,81,,0,0,28.4624
5288301,10:34:00,10:34:00,11274,82,,0,0,29.372
5288302,10:19:00,10:19:00,162,1,,0,0,
5288302,10:19:23,10:19:23,163,2,,0,0,0.2311
5288302,10:20:30,10:20:30,147,3,,0,0,0.9073
5288302,10:21:12,10:21:12,148,4,,0,0,1.33
5288302,10:21:33,10:21:33,149,5,,0,0,1.5472
5288302,10:22:21,10:22:21,10699,6,,0,0,2.0329
5288302,10:22:47,10:22:47,150,7,,0,0,2.3002
5288302,10:23:22,10:23:22,151,8,,0,0,2.6533
5288302,10:25:31,10:25:31,11309,9,,0,0,3.957
5288302,10:27:31,10:27:31,12026,10,,0,0,5.1703
5288302,10:28:27,10:28:27,11310,11,,0,0,5.7395
5288302,10:29:03,10:29:03,2665,12,,0,0,6.1097
5288302,10:29:57,10:29:57,2651,13,,0,0,6.6531
5288302,10:31:00,10:31:00,10430,14,,0,0,7.2328
5288302,10:32:56,10:32:56,2652,15,,0,0,7.9567
5288302,10:33:32,10:33:32,2653,16,,0,0,8.1807
5288302,10:34:27,10:34:27,2654,17,,0,0,8.5218
5288302,10:34:54,10:34:54,10424,18,,0,0,8.6948
5288302,10:35:16,10:35:16,2655,19,,0,0,8.8328
5288302,10:36:00,10:36:00,76,20,,0,0,9.0924
5288302,10:36:46,10:36:46,2656,21,,0,0,9.4738
5288302,10:37:14,10:37:14,2657,22,,0,0,9.7048
5288302,10:38:01,10:38:01,4433,23,,0,0,10.0932
5288302,10:39:00,10:39:00,4434,24,,0,0,10.5592
5288302,10:39:46,10:39:46,4435,25,,0,0,10.8613
5288302,10:40:39,10:40:39,4436,26,,0,0,11.2103
5288302,10:42:01,10:42:01,4223,27,,0,0,11.7419
5288302,10:42:21,10:42:21,4224,28,,0,0,11.8779
5288302,10:42:52,10:42:52,4225,29,,0,0,12.082
5288302,10:43:21,10:43:21,4226,30,,0,0,12.2711
5288302,10:43:50,10:43:50,4227,31,,0,0,12.4622
5288302,10:44:18,10:44:18,4228,32,,0,0,12.6462
5288302,10:44:47,10:44:47,4229,33,,0,0,12.8403
5288302,10:45:16,10:45:16,4230,34,,0,0,13.0303
5288302,10:45:44,10:45:44,4231,35,,0,0,13.2174
5288302,10:46:20,10:46:20,4232,36,,0,0,13.4535
5288302,10:46:41,10:46:41,4233,37,,0,0,13.5955
5288302,10:47:07,10:47:07,4234,38,,0,0,13.7675
5288302,10:47:38,10:47:38,4235,39,,0,0,13.9706
5288302,10:48:07,10:48:07,3686,40,,0,0,14.1597
5288302,10:48:36,10:48:36,3687,41,,0,0,14.3537
5288302,10:49:05,10:49:05,3688,42,,0,0,14.5418
5288302,10:49:32,10:49:32,3689,43,,0,0,14.7192
5288302,10:49:56,10:49:56,3690,44,,0,0,14.879
5288302,10:50:46,10:50:46,3691,45,,0,0,15.2081
5288302,10:51:19,10:51:19,3692,46,,0,0,15.4251
5288302,10:51:46,10:51:46,3215,47,,0,0,15.6011
5288302,10:52:59,10:52:59,3218,48,,0,0,16.0788
5288302,10:53:48,10:53:48,3220,49,,0,0,16.4011
5288302,10:54:12,10:54:12,3221,50,,0,0,16.5571
5288302,11:02:14,11:02:14,277,51,,0,0,19.6815
5288302,11:03:00,11:03:00,215,52,,0,0,19.8906
5288302,11:04:00,11:04:00,242,53,,0,0,20.0981
5288302,11:05:00,11:05:00,244,54,,0,0,20.3056
5288302,11:05:58,11:05:58,246,55,,0,0,20.5062
5288302,11:07:00,11:07:00,248,56,,0,0,20.7087
5288302,11:07:37,11:07:37,250,57,,0,0,20.897
5288302,11:08:20,11:08:20,218,58,,0,0,21.1126
5288302,11:09:00,11:09:00,219,59,,0,0,21.3087
5288302,11:09:38,11:09:38,252,60,,0,0,21.5115
5288302,11:10:16,11:10:16,9515,61,,0,0,21.7156
5288302,11:10:52,11:10:52,9516,62,,0,0,21.909
5288302,11:11:21,11:11:21,9517,63,,0,0,22.0613
5288302,11:12:10,11:12:10,9518,64,,0,0,22.3185
5288302,11:13:00,11:13:00,9519,65,,0,0,22.567
5288302,11:13:50,11:13:50,9520,66,,0,0,22.8167
5288302,11:14:37,11:14:37,9521,67,,0,0,23.055
5288302,11:15:31,11:15:31,9522,68,,0,0,23.3242
5288302,11:16:20,11:16:20,9523,69,,0,0,23.5703
5288302,11:17:00,11:17:00,11030,70,,0,0,23.7614
5288302,11:18:20,11:18:20,11409,71,,0,0,24.2094
5288302,11:19:13,11:19:13,11246,72,,0,0,24.5065
5288302,11:20:15,11:20:15,11245,73,,0,0,24.8516
5288302,11:20:43,11:20:43,2503,74,,0,0,25.0089
5288302,11:21:26,11:21:26,2504,75,,0,0,25.2475
5288302,11:22:40,11:22:40,2505,76,,0,0,25.6606
5288302,11:25:00,11:25:00,9948,77,,0,0,26.4213
5288302,11:26:53,11:26:53,9950,78,,0,0,27.0412
5288302,11:28:18,11:28:18,12175,79,,0,0,27.5082
5288302,11:30:09,11:30:09,9624,80,,0,0,28.1166
5288302,11:31:12,11:31:12,9639,81,,0,0,28.4624
5288302,11:34:00,11:34:00,11274,82,,0,0,29.372
5288303,11:29:00,11:29:00,10076,1,,0,0,
5288303,11:33:00,11:33:00,215,2,,0,0,0.9562
5288303,11:34:00,11:34:00,242,3,,0,0,1.1636
5288303,11:35:00,11:35:00,244,4,,0,0,1.3711
5288303,11:35:58,11:35:58,246,5,,0,0,1.5717
5288303,11:37:00,11:37:00,248,6,,0,0,1.7742
5288303,11:37:37,11:37:37,250,7,,0,0,1.9625
5288303,11:38:20,11:38:20,218,8,,0,0,2.1781
5288303,11:39:00,11:39:00,219,9,,0,0,2.3742
5288303,11:39:38,11:39:38,252,10,,0,0,2.577
5288303,11:40:16,11:40:16,9515,11,,0,0,2.7811
5288303,11:40:52,11:40:52,9516,12,,0,0,2.9745
5288303,11:41:21,11:41:21,9517,13,,0,0,3.1268
5288303,11:42:10,11:42:10,9518,14,,0,0,3.384
5288303,11:43:00,11:43:00,9519,15,,0,0,3.6325
5288303,11:43:50,11:43:50,9520,16,,0,0,3.8822
5288303,11:44:37,11:44:37,9521,17,,0,0,4.1205
5288303,11:45:31,11:45:31,9522,18,,0,0,4.3898
5288303,11:46:20,11:46:20,9523,19,,0,0,4.6358
5288303,11:47:00,11:47:00,11030,20,,0,0,4.8269
5288303,11:48:20,11:48:20,11409,21,,0,0,5.2749
5288303,11:49:13,11:49:13,11246,22,,0,0,5.572
5288303,11:50:15,11:50:15,11245,23,,0,0,5.9172
5288303,11:50:43,11:50:43,2503,24,,0,0,6.0745
5288303,11:51:26,11:51:26,2504,25,,0,0,6.3131
5288303,11:52:40,11:52:40,2505,26,,0,0,6.7262
5288303,11:55:00,11:55:00,9948,27,,0,0,7.4868
5288303,11:56:53,11:56:53,9950,28,,0,0,8.1068
5288303,11:58:18,11:58:18,12175,29,,0,0,8.5738
5288303,12:00:09,12:00:09,9624,30,,0,0,9.1821
5288303,12:01:12,12:01:12,9639,31,,0,0,9.5279
5288303,12:04:00,12:04:00,11274,32,,0,0,10.4375
5288304,11:19:00,11:19:00,162,1,,0,0,
5288304,11:19:23,11:19:23,163,2,,0,0,0.2311
5288304,11:20:30,11:20:30,147,3,,0,0,0.9073
5288304,11:21:12,11:21:12,148,4,,0,0,1.33
5288304,11:21:33,11:21:33,149,5,,0,0,1.5472
5288304,11:22:21,11:22:21,10699,6,,0,0,2.0329
5288304,11:22:47,11:22:47,150,7,,0,0,2.3002
5288304,11:23:22,11:23:22,151,8,,0,0,2.6533
5288304,11:25:31,11:25:31,11309,9,,0,0,3.957
5288304,11:27:31,11:27:31,12026,10,,0,0,5.1703
5288304,11:28:27,11:28:27,11310,11,,0,0,5.7395
5288304,11:29:03,11:29:03,2665,12,,0,0,6.1097
5288304,11:29:57,11:29:57,2651,13,,0,0,6.6531
5288304,11:31:00,11:31:00,10430,14,,0,0,7.2328
5288304,11:32:56,11:32:56,2652,15,,0,0,7.9567
5288304,11:33:32,11:33:32,2653,16,,0,0,8.1807
5288304,11:34:27,11:34:27,2654,17,,0,0,8.5218
5288304,11:34:54,11:34:54,10424,18,,0,0,8.6948
5288304,11:35:16,11:35:16,2655,19,,0,0,8.8328
5288304,11:36:00,11:36:00,76,20,,0,0,9.0924
5288304,11:36:46,11:36:46,2656,21,,0,0,9.4738
5288304,11:37:14,11:37:14,2657,22,,0,0,9.7048
5288304,11:38:01,11:38:01,4433,23,,0,0,10.0932
5288304,11:39:00,11:39:00,4434,24,,0,0,10.5592
5288304,11:39:46,11:39:46,4435,25,,0,0,10.8613
5288304,11:40:39,11:40:39,4436,26,,0,0,11.2103
5288304,11:42:01,11:42:01,4223,27,,0,0,11.7419
5288304,11:42:21,11:42:21,4224,28,,0,0,11.8779
5288304,11:42:52,11:42:52,4225,29,,0,0,12.082
5288304,11:43:21,11:43:21,4226,30,,0,0,12.2711
5288304,11:43:50,11:43:50,4227,31,,0,0,12.4622
5288304,11:44:18,11:44:18,4228,32,,0,0,12.6462
5288304,11:44:47,11:44:47,4229,33,,0,0,12.8403
5288304,11:45:16,11:45:16,4230,34,,0,0,13.0303
5288304,11:45:44,11:45:44,4231,35,,0,0,13.2174
5288304,11:46:20,11:46:20,4232,36,,0,0,13.4535
5288304,11:46:41,11:46:41,4233,37,,0,0,13.5955
5288304,11:47:07,11:47:07,4234,38,,0,0,13.7675
5288304,11:47:38,11:47:38,4235,39,,0,0,13.9706
5288304,11:48:07,11:48:07,3686,40,,0,0,14.1597
5288304,11:48:36,11:48:36,3687,41,,0,0,14.3537
5288304,11:49:05,11:49:05,3688,42,,0,0,14.5418
5288304,11:49:32,11:49:32,3689,43,,0,0,14.7192
5288304,11:49:56,11:49:56,3690,44,,0,0,14.879
5288304,11:50:46,11:50:46,3691,45,,0,0,15.2081
5288304,11:51:19,11:51:19,3692,46,,0,0,15.4251
5288304,11:51:46,11:51:46,3215,47,,0,0,15.6011
5288304,11:52:59,11:52:59,3218,48,,0,0,16.0788
5288304,11:53:48,11:53:48,3220,49,,0,0,16.4011
5288304,11:54:12,11:54:12,3221,50,,0,0,16.5571
5288304,12:02:14,12:02:14,277,51,,0,0,19.6815
5288304,12:03:00,12:03:00,215,52,,0,0,19.8906
5288304,12:04:00,12:04:00,242,53,,0,0,20.0981
5288304,12:05:00,12:05:00,244,54,,0,0,20.3056
5288304,12:05:58,12:05:58,246,55,,0,0,20.5062
5288304,12:07:00,12:07:00,248,56,,0,0,20.7087
5288304,12:07:37,12:07:37,250,57,,0,0,20.897
5288304,12:08:20,12:08:20,218,58,,0,0,21.1126
5288304,12:09:00,12:09:00,219,59,,0,0,21.3087
5288304,12:09:38,12:09:38,252,60,,0,0,21.5115
5288304,12:10:16,12:10:16,9515,61,,0,0,21.7156
5288304,12:10:52,12:10:52,9516,62,,0,0,21.909
5288304,12:11:21,12:11:21,9517,63,,0,0,22.0613
5288304,12:12:10,12:12:10,9518,64,,0,0,22.3185
5288304,12:13:00,12:13:00,9519,65,,0,0,22.567
5288304,12:13:50,12:13:50,9520,66,,0,0,22.8167
5288304,12:14:37,12:14:37,9521,67,,0,0,23.055
5288304,12:15:31,12:15:31,9522,68,,0,0,23.3242
5288304,12:16:20,12:16:20,9523,69,,0,0,23.5703
5288304,12:17:00,12:17:00,11030,70,,0,0,23.7614
5288304,12:18:20,12:18:20,11409,71,,0,0,24.2094
5288304,12:19:13,12:19:13,11246,72,,0,0,24.5065
5288304,12:20:15,12:20:15,11245,73,,0,0,24.8516
5288304,12:20:43,12:20:43,2503,74,,0,0,25.0089
5288304,12:21:26,12:21:26,2504,75,,0,0,25.2475
5288304,12:22:40,12:22:40,2505,76,,0,0,25.6606
5288304,12:25:00,12:25:00,9948,77,,0,0,26.4213
5288304,12:26:53,12:26:53,9950,78,,0,0,27.0412
5288304,12:28:18,12:28:18,12175,79,,0,0,27.5082
5288304,12:30:09,12:30:09,9624,80,,0,0,28.1166
5288304,12:31:12,12:31:12,9639,81,,0,0,28.4624
5288304,12:34:00,12:34:00,11274,82,,0,0,29.372
5288305,12:29:00,12:29:00,10076,1,,0,0,
5288305,12:33:00,12:33:00,215,2,,0,0,0.9562
5288305,12:34:00,12:34:00,242,3,,0,0,1.1636
5288305,12:35:00,12:35:00,244,4,,0,0,1.3711
5288305,12:35:58,12:35:58,246,5,,0,0,1.5717
5288305,12:37:00,12:37:00,248,6,,0,0,1.7742
5288305,12:37:37,12:37:37,250,7,,0,0,1.9625
5288305,12:38:20,12:38:20,218,8,,0,0,2.1781
5288305,12:39:00,12:39:00,219,9,,0,0,2.3742
5288305,12:39:38,12:39:38,252,10,,0,0,2.577
5288305,12:40:16,12:40:16,9515,11,,0,0,2.7811
5288305,12:40:52,12:40:52,9516,12,,0,0,2.9745
5288305,12:41:21,12:41:21,9517,13,,0,0,3.1268
5288305,12:42:10,12:42:10,9518,14,,0,0,3.384
5288305,12:43:00,12:43:00,9519,15,,0,0,3.6325
5288305,12:43:50,12:43:50,9520,16,,0,0,3.8822
5288305,12:44:37,12:44:37,9521,17,,0,0,4.1205
5288305,12:45:31,12:45:31,9522,18,,0,0,4.3898
5288305,12:46:20,12:46:20,9523,19,,0,0,4.6358
5288305,12:47:00,12:47:00,11030,20,,0,0,4.8269
5288305,12:48:20,12:48:20,11409,21,,0,0,5.2749
5288305,12:49:13,12:49:13,11246,22,,0,0,5.572
5288305,12:50:15,12:50:15,11245,23,,0,0,5.9172
5288305,12:50:43,12:50:43,2503,24,,0,0,6.0745
5288305,12:51:26,12:51:26,2504,25,,0,0,6.3131
5288305,12:52:40,12:52:40,2505,26,,0,0,6.7262
5288305,12:55:00,12:55:00,9948,27,,0,0,7.4868
5288305,12:56:53,12:56:53,9950,28,,0,0,8.1068
5288305,12:58:18,12:58:18,12175,29,,0,0,8.5738
5288305,13:00:09,13:00:09,9624,30,,0,0,9.1821
5288305,13:01:12,13:01:12,9639,31,,0,0,9.5279
5288305,13:04:00,13:04:00,11274,32,,0,0,10.4375
5288306,12:19:00,12:19:00,162,1,,0,0,
5288306,12:19:23,12:19:23,163,2,,0,0,0.2311
5288306,12:20:30,12:20:30,147,3,,0,0,0.9073
5288306,12:21:12,12:21:12,148,4,,0,0,1.33
5288306,12:21:33,12:21:33,149,5,,0,0,1.5472
5288306,12:22:21,12:22:21,10699,6,,0,0,2.0329
5288306,12:22:47,12:22:47,150,7,,0,0,2.3002
5288306,12:23:22,12:23:22,151,8,,0,0,2.6533
5288306,12:25:31,12:25:31,11309,9,,0,0,3.957
5288306,12:27:31,12:27:31,12026,10,,0,0,5.1703
5288306,12:28:27,12:28:27,11310,11,,0,0,5.7395
5288306,12:29:03,12:29:03,2665,12,,0,0,6.1097
5288306,12:29:57,12:29:57,2651,13,,0,0,6.6531
5288306,12:31:00,12:31:00,10430,14,,0,0,7.2328
5288306,12:32:56,12:32:56,2652,15,,0,0,7.9567
5288306,12:33:32,12:33:32,2653,16,,0,0,8.1807
5288306,12:34:27,12:34:27,2654,17,,0,0,8.5218
5288306,12:34:54,12:34:54,10424,18,,0,0,8.6948
5288306,12:35:16,12:35:16,2655,19,,0,0,8.8328
5288306,12:36:00,12:36:00,76,20,,0,0,9.0924
5288306,12:36:46,12:36:46,2656,21,,0,0,9.4738
5288306,12:37:14,12:37:14,2657,22,,0,0,9.7048
5288306,12:38:01,12:38:01,4433,23,,0,0,10.0932
5288306,12:39:00,12:39:00,4434,24,,0,0,10.5592
5288306,12:39:46,12:39:46,4435,25,,0,0,10.8613
5288306,12:40:39,12:40:39,4436,26,,0,0,11.2103
5288306,12:42:01,12:42:01,4223,27,,0,0,11.7419
5288306,12:42:21,12:42:21,4224,28,,0,0,11.8779
5288306,12:42:52,12:42:52,4225,29,,0,0,12.082
5288306,12:43:21,12:43:21,4226,30,,0,0,12.2711
5288306,12:43:50,12:43:50,4227,31,,0,0,12.4622
5288306,12:44:18,12:44:18,4228,32,,0,0,12.6462
5288306,12:44:47,12:44:47,4229,33,,0,0,12.8403
5288306,12:45:16,12:45:16,4230,34,,0,0,13.0303
5288306,12:45:44,12:45:44,4231,35,,0,0,13.2174
5288306,12:46:20,12:46:20,4232,36,,0,0,13.4535
5288306,12:46:41,12:46:41,4233,37,,0,0,13.5955
5288306,12:47:07,12:47:07,4234,38,,0,0,13.7675
5288306,12:47:38,12:47:38,4235,39,,0,0,13.9706
5288306,12:48:07,12:48:07,3686,40,,0,0,14.1597
5288306,12:48:36,12:48:36,3687,41,,0,0,14.3537
5288306,12:49:05,12:49:05,3688,42,,0,0,14.5418
5288306,12:49:32,12:49:32,3689,43,,0,0,14.7192
5288306,12:49:56,12:49:56,3690,44,,0,0,14.879
5288306,12:50:46,12:50:46,3691,45,,0,0,15.2081
5288306,12:51:19,12:51:19,3692,46,,0,0,15.4251
5288306,12:51:46,12:51:46,3215,47,,0,0,15.6011
5288306,12:52:59,12:52:59,3218,48,,0,0,16.0788
5288306,12:53:48,12:53:48,3220,49,,0,0,16.4011
5288306,12:54:12,12:54:12,3221,50,,0,0,16.5571
5288306,13:02:14,13:02:14,277,51,,0,0,19.6815
5288306,13:03:00,13:03:00,215,52,,0,0,19.8906
5288306,13:04:00,13:04:00,242,53,,0,0,20.0981
5288306,13:05:00,13:05:00,244,54,,0,0,20.3056
5288306,13:05:58,13:05:58,246,55,,0,0,20.5062
5288306,13:07:00,13:07:00,248,56,,0,0,20.7087
5288306,13:07:37,13:07:37,250,57,,0,0,20.897
5288306,13:08:20,13:08:20,218,58,,0,0,21.1126
5288306,13:09:00,13:09:00,219,59,,0,0,21.3087
5288306,13:09:38,13:09:38,252,60,,0,0,21.5115
5288306,13:10:16,13:10:16,9515,61,,0,0,21.7156
5288306,13:10:52,13:10:52,9516,62,,0,0,21.909
5288306,13:11:21,13:11:21,9517,63,,0,0,22.0613
5288306,13:12:10,13:12:10,9518,64,,0,0,22.3185
5288306,13:13:00,13:13:00,9519,65,,0,0,22.567
5288306,13:13:50,13:13:50,9520,66,,0,0,22.8167
5288306,13:14:37,13:14:37,9521,67,,0,0,23.055
5288306,13:15:31,13:15:31,9522,68,,0,0,23.3242
5288306,13:16:20,13:16:20,9523,69,,0,0,23.5703
5288306,13:17:00,13:17:00,11030,70,,0,0,23.7614
5288306,13:18:20,13:18:20,11409,71,,0,0,24.2094
5288306,13:19:13,13:19:13,11246,72,,0,0,24.5065
5288306,13:20:15,13:20:15,11245,73,,0,0,24.8516
5288306,13:20:43,13:20:43,2503,74,,0,0,25.0089
5288306,13:21:26,13:21:26,2504,75,,0,0,25.2475
5288306,13:22:40,13:22:40,2505,76,,0,0,25.6606
5288306,13:25:00,13:25:00,9948,77,,0,0,26.4213
5288306,13:26:53,13:26:53,9950,78,,0,0,27.0412
5288306,13:28:18,13:28:18,12175,79,,0,0,27.5082
5288306,13:30:09,13:30:09,9624,80,,0,0,28.1166
5288306,13:31:12,13:31:12,9639,81,,0,0,28.4624
5288306,13:34:00,13:34:00,11274,82,,0,0,29.372
5288307,13:29:00,13:29:00,10076,1,,0,0,
5288307,13:33:00,13:33:00,215,2,,0,0,0.9562
5288307,13:34:00,13:34:00,242,3,,0,0,1.1636
5288307,13:35:00,13:35:00,244,4,,0,0,1.3711
5288307,13:35:58,13:35:58,246,5,,0,0,1.5717
5288307,13:37:00,13:37:00,248,6,,0,0,1.7742
5288307,13:37:37,13:37:37,250,7,,0,0,1.9625
5288307,13:38:20,13:38:20,218,8,,0,0,2.1781
5288307,13:39:00,13:39:00,219,9,,0,0,2.3742
5288307,13:39:38,13:39:38,252,10,,0,0,2.577
5288307,13:40:16,13:40:16,9515,11,,0,0,2.7811
5288307,13:40:52,13:40:52,9516,12,,0,0,2.9745
5288307,13:41:21,13:41:21,9517,13,,0,0,3.1268
5288307,13:42:10,13:42:10,9518,14,,0,0,3.384
5288307,13:43:00,13:43:00,9519,15,,0,0,3.6325
5288307,13:43:50,13:43:50,9520,16,,0,0,3.8822
5288307,13:44:37,13:44:37,9521,17,,0,0,4.1205
5288307,13:45:31,13:45:31,9522,18,,0,0,4.3898
5288307,13:46:20,13:46:20,9523,19,,0,0,4.6358
5288307,13:47:00,13:47:00,11030,20,,0,0,4.8269
5288307,13:48:20,13:48:20,11409,21,,0,0,5.2749
5288307,13:49:13,13:49:13,11246,22,,0,0,5.572
5288307,13:50:15,13:50:15,11245,23,,0,0,5.9172
5288307,13:50:43,13:50:43,2503,24,,0,0,6.0745
5288307,13:51:26,13:51:26,2504,25,,0,0,6.3131
5288307,13:52:40,13:52:40,2505,26,,0,0,6.7262
5288307,13:55:00,13:55:00,9948,27,,0,0,7.4868
5288307,13:56:53,13:56:53,9950,28,,0,0,8.1068
5288307,13:58:18,13:58:18,12175,29,,0,0,8.5738
5288307,14:00:09,14:00:09,9624,30,,0,0,9.1821
5288307,14:01:12,14:01:12,9639,31,,0,0,9.5279
5288307,14:04:00,14:04:00,11274,32,,0,0,10.4375
5288308,13:19:00,13:19:00,162,1,,0,0,
5288308,13:19:23,13:19:23,163,2,,0,0,0.2311
5288308,13:20:30,13:20:30,147,3,,0,0,0.9073
5288308,13:21:12,13:21:12,148,4,,0,0,1.33
5288308,13:21:33,13:21:33,149,5,,0,0,1.5472
5288308,13:22:21,13:22:21,10699,6,,0,0,2.0329
5288308,13:22:47,13:22:47,150,7,,0,0,2.3002
5288308,13:23:22,13:23:22,151,8,,0,0,2.6533
5288308,13:25:31,13:25:31,11309,9,,0,0,3.957
5288308,13:27:31,13:27:31,12026,10,,0,0,5.1703
5288308,13:28:27,13:28:27,11310,11,,0,0,5.7395
5288308,13:29:03,13:29:03,2665,12,,0,0,6.1097
5288308,13:29:57,13:29:57,2651,13,,0,0,6.6531
5288308,13:31:00,13:31:00,10430,14,,0,0,7.2328
5288308,13:32:56,13:32:56,2652,15,,0,0,7.9567
5288308,13:33:32,13:33:32,2653,16,,0,0,8.1807
5288308,13:34:27,13:34:27,2654,17,,0,0,8.5218
5288308,13:34:54,13:34:54,10424,18,,0,0,8.6948
5288308,13:35:16,13:35:16,2655,19,,0,0,8.8328
5288308,13:36:00,13:36:00,76,20,,0,0,9.0924
5288308,13:36:46,13:36:46,2656,21,,0,0,9.4738
5288308,13:37:14,13:37:14,2657,22,,0,0,9.7048
5288308,13:38:01,13:38:01,4433,23,,0,0,10.0932
5288308,13:39:00,13:39:00,4434,24,,0,0,10.5592
5288308,13:39:46,13:39:46,4435,25,,0,0,10.8613
5288308,13:40:39,13:40:39,4436,26,,0,0,11.2103
5288308,13:42:01,13:42:01,4223,27,,0,0,11.7419
5288308,13:42:21,13:42:21,4224,28,,0,0,11.8779
5288308,13:42:52,13:42:52,4225,29,,0,0,12.082
5288308,13:43:21,13:43:21,4226,30,,0,0,12.2711
5288308,13:43:50,13:43:50,4227,31,,0,0,12.4622
5288308,13:44:18,13:44:18,4228,32,,0,0,12.6462
5288308,13:44:47,13:44:47,4229,33,,0,0,12.8403
5288308,13:45:16,13:45:16,4230,34,,0,0,13.0303
5288308,13:45:44,13:45:44,4231,35,,0,0,13.2174
5288308,13:46:20,13:46:20,4232,36,,0,0,13.4535
5288308,13:46:41,13:46:41,4233,37,,0,0,13.5955
5288308,13:47:07,13:47:07,4234,38,,0,0,13.7675
5288308,13:47:38,13:47:38,4235,39,,0,0,13.9706
5288308,13:48:07,13:48:07,3686,40,,0,0,14.1597
5288308,13:48:36,13:48:36,3687,41,,0,0,14.3537
5288308,13:49:05,13:49:05,3688,42,,0,0,14.5418
5288308,13:49:32,13:49:32,3689,43,,0,0,14.7192
5288308,13:49:56,13:49:56,3690,44,,0,0,14.879
5288308,13:50:46,13:50:46,3691,45,,0,0,15.2081
5288308,13:51:19,13:51:19,3692,46,,0,0,15.4251
5288308,13:51:46,13:51:46,3215,47,,0,0,15.6011
5288308,13:52:59,13:52:59,3218,48,,0,0,16.0788
5288308,13:53:48,13:53:48,3220,49,,0,0,16.4011
5288308,13:54:12,13:54:12,3221,50,,0,0,16.5571
5288308,14:02:14,14:02:14,277,51,,0,0,19.6815
5288308,14:03:00,14:03:00,215,52,,0,0,19.8906
5288308,14:04:00,14:04:00,242,53,,0,0,20.0981
5288308,14:05:00,14:05:00,244,54,,0,0,20.3056
5288308,14:05:58,14:05:58,246,55,,0,0,20.5062
5288308,14:07:00,14:07:00,248,56,,0,0,20.7087
5288308,14:07:37,14:07:37,250,57,,0,0,20.897
5288308,14:08:20,14:08:20,218,58,,0,0,21.1126
5288308,14:09:00,14:09:00,219,59,,0,0,21.3087
5288308,14:09:38,14:09:38,252,60,,0,0,21.5115
5288308,14:10:16,14:10:16,9515,61,,0,0,21.7156
5288308,14:10:52,14:10:52,9516,62,,0,0,21.909
5288308,14:11:21,14:11:21,9517,63,,0,0,22.0613
5288308,14:12:10,14:12:10,9518,64,,0,0,22.3185
5288308,14:13:00,14:13:00,9519,65,,0,0,22.567
5288308,14:13:50,14:13:50,9520,66,,0,0,22.8167
5288308,14:14:37,14:14:37,9521,67,,0,0,23.055
5288308,14:15:31,14:15:31,9522,68,,0,0,23.3242
5288308,14:16:20,14:16:20,9523,69,,0,0,23.5703
5288308,14:17:00,14:17:00,11030,70,,0,0,23.7614
5288308,14:18:20,14:18:20,11409,71,,0,0,24.2094
5288308,14:19:13,14:19:13,11246,72,,0,0,24.5065
5288308,14:20:15,14:20:15,11245,73,,0,0,24.8516
5288308,14:20:43,14:20:43,2503,74,,0,0,25.0089
5288308,14:21:26,14:21:26,2504,75,,0,0,25.2475
5288308,14:22:40,14:22:40,2505,76,,0,0,25.6606
5288308,14:25:00,14:25:00,9948,77,,0,0,26.4213
5288308,14:26:53,14:26:53,9950,78,,0,0,27.0412
5288308,14:28:18,14:28:18,12175,79,,0,0,27.5082
5288308,14:30:09,14:30:09,9624,80,,0,0,28.1166
5288308,14:31:12,14:31:12,9639,81,,0,0,28.4624
5288308,14:34:00,14:34:00,11274,82,,0,0,29.372
5288309,14:29:00,14:29:00,10076,1,,0,0,
5288309,14:33:00,14:33:00,215,2,,0,0,0.9562
5288309,14:34:00,14:34:00,242,3,,0,0,1.1636
5288309,14:35:00,14:35:00,244,4,,0,0,1.3711
5288309,14:35:58,14:35:58,246,5,,0,0,1.5717
5288309,14:37:00,14:37:00,248,6,,0,0,1.7742
5288309,14:37:37,14:37:37,250,7,,0,0,1.9625
5288309,14:38:20,14:38:20,218,8,,0,0,2.1781
5288309,14:39:00,14:39:00,219,9,,0,0,2.3742
5288309,14:39:38,14:39:38,252,10,,0,0,2.577
5288309,14:40:16,14:40:16,9515,11,,0,0,2.7811
5288309,14:40:52,14:40:52,9516,12,,0,0,2.9745
5288309,14:41:21,14:41:21,9517,13,,0,0,3.1268
5288309,14:42:10,14:42:10,9518,14,,0,0,3.384
5288309,14:43:00,14:43:00,9519,15,,0,0,3.6325
5288309,14:43:50,14:43:50,9520,16,,0,0,3.8822
5288309,14:44:37,14:44:37,9521,17,,0,0,4.1205
5288309,14:45:31,14:45:31,9522,18,,0,0,4.3898
5288309,14:46:20,14:46:20,9523,19,,0,0,4.6358
5288309,14:47:00,14:47:00,11030,20,,0,0,4.8269
5288309,14:48:20,14:48:20,11409,21,,0,0,5.2749
5288309,14:49:13,14:49:13,11246,22,,0,0,5.572
5288309,14:50:15,14:50:15,11245,23,,0,0,5.9172
5288309,14:50:43,14:50:43,2503,24,,0,0,6.0745
5288309,14:51:26,14:51:26,2504,25,,0,0,6.3131
5288309,14:52:40,14:52:40,2505,26,,0,0,6.7262
5288309,14:55:00,14:55:00,9948,27,,0,0,7.4868
5288309,14:56:53,14:56:53,9950,28,,0,0,8.1068
5288309,14:58:18,14:58:18,12175,29,,0,0,8.5738
5288309,15:00:09,15:00:09,9624,30,,0,0,9.1821
5288309,15:01:12,15:01:12,9639,31,,0,0,9.5279
5288309,15:04:00,15:04:00,11274,32,,0,0,10.4375
5288310,14:19:00,14:19:00,162,1,,0,0,
5288310,14:19:23,14:19:23,163,2,,0,0,0.2311
5288310,14:20:30,14:20:30,147,3,,0,0,0.9073
5288310,14:21:12,14:21:12,148,4,,0,0,1.33
5288310,14:21:33,14:21:33,149,5,,0,0,1.5472
5288310,14:22:21,14:22:21,10699,6,,0,0,2.0329
5288310,14:22:47,14:22:47,150,7,,0,0,2.3002
5288310,14:23:22,14:23:22,151,8,,0,0,2.6533
5288310,14:25:31,14:25:31,11309,9,,0,0,3.957
5288310,14:27:31,14:27:31,12026,10,,0,0,5.1703
5288310,14:28:27,14:28:27,11310,11,,0,0,5.7395
5288310,14:29:03,14:29:03,2665,12,,0,0,6.1097
5288310,14:29:57,14:29:57,2651,13,,0,0,6.6531
5288310,14:31:00,14:31:00,10430,14,,0,0,7.2328
5288310,14:32:56,14:32:56,2652,15,,0,0,7.9567
5288310,14:33:32,14:33:32,2653,16,,0,0,8.1807
5288310,14:34:27,14:34:27,2654,17,,0,0,8.5218
5288310,14:34:54,14:34:54,10424,18,,0,0,8.6948
5288310,14:35:16,14:35:16,2655,19,,0,0,8.8328
5288310,14:36:00,14:36:00,76,20,,0,0,9.0924
5288310,14:36:46,14:36:46,2656,21,,0,0,9.4738
5288310,14:37:14,14:37:14,2657,22,,0,0,9.7048
5288310,14:38:01,14:38:01,4433,23,,0,0,10.0932
5288310,14:39:00,14:39:00,4434,24,,0,0,10.5592
5288310,14:39:46,14:39:46,4435,25,,0,0,10.8613
5288310,14:40:39,14:40:39,4436,26,,0,0,11.2103
5288310,14:42:01,14:42:01,4223,27,,0,0,11.7419
5288310,14:42:21,14:42:21,4224,28,,0,0,11.8779
5288310,14:42:52,14:42:52,4225,29,,0,0,12.082
5288310,14:43:21,14:43:21,4226,30,,0,0,12.2711
5288310,14:43:50,14:43:50,4227,31,,0,0,12.4622
5288310,14:44:18,14:44:18,4228,32,,0,0,12.6462
5288310,14:44:47,14:44:47,4229,33,,0,0,12.8403
5288310,14:45:16,14:45:16,4230,34,,0,0,13.0303
5288310,14:45:44,14:45:44,4231,35,,0,0,13.2174
5288310,14:46:20,14:46:20,4232,36,,0,0,13.4535
5288310,14:46:41,14:46:41,4233,37,,0,0,13.5955
5288310,14:47:07,14:47:07,4234,38,,0,0,13.7675
5288310,14:47:38,14:47:38,4235,39,,0,0,13.9706
5288310,14:48:07,14:48:07,3686,40,,0,0,14.1597
5288310,14:48:36,14:48:36,3687,41,,0,0,14.3537
5288310,14:49:05,14:49:05,3688,42,,0,0,14.5418
5288310,14:49:32,14:49:32,3689,43,,0,0,14.7192
5288310,14:49:56,14:49:56,3690,44,,0,0,14.879
5288310,14:50:46,14:50:46,3691,45,,0,0,15.2081
5288310,14:51:19,14:51:19,3692,46,,0,0,15.4251
5288310,14:51:46,14:51:46,3215,47,,0,0,15.6011
5288310,14:52:59,14:52:59,3218,48,,0,0,16.0788
5288310,14:53:48,14:53:48,3220,49,,0,0,16.4011
5288310,14:54:12,14:54:12,3221,50,,0,0,16.5571
5288310,15:02:14,15:02:14,277,51,,0,0,19.6815
5288310,15:03:00,15:03:00,215,52,,0,0,19.8906
5288310,15:04:00,15:04:00,242,53,,0,0,20.0981
5288310,15:05:00,15:05:00,244,54,,0,0,20.3056
5288310,15:05:58,15:05:58,246,55,,0,0,20.5062
5288310,15:07:00,15:07:00,248,56,,0,0,20.7087
5288310,15:07:37,15:07:37,250,57,,0,0,20.897
5288310,15:08:20,15:08:20,218,58,,0,0,21.1126
5288310,15:09:00,15:09:00,219,59,,0,0,21.3087
5288310,15:09:38,15:09:38,252,60,,0,0,21.5115
5288310,15:10:16,15:10:16,9515,61,,0,0,21.7156
5288310,15:10:52,15:10:52,9516,62,,0,0,21.909
5288310,15:11:21,15:11:21,9517,63,,0,0,22.0613
5288310,15:12:10,15:12:10,9518,64,,0,0,22.3185
5288310,15:13:00,15:13:00,9519,65,,0,0,22.567
5288310,15:13:50,15:13:50,9520,66,,0,0,22.8167
5288310,15:14:37,15:14:37,9521,67,,0,0,23.055
5288310,15:15:31,15:15:31,9522,68,,0,0,23.3242
5288310,15:16:20,15:16:20,9523,69,,0,0,23.5703
5288310,15:17:00,15:17:00,11030,70,,0,0,23.7614
5288310,15:18:20,15:18:20,11409,71,,0,0,24.2094
5288310,15:19:13,15:19:13,11246,72,,0,0,24.5065
5288310,15:20:15,15:20:15,11245,73,,0,0,24.8516
5288310,15:20:43,15:20:43,2503,74,,0,0,25.0089
5288310,15:21:26,15:21:26,2504,75,,0,0,25.2475
5288310,15:22:40,15:22:40,2505,76,,0,0,25.6606
5288310,15:25:00,15:25:00,9948,77,,0,0,26.4213
5288310,15:26:53,15:26:53,9950,78,,0,0,27.0412
5288310,15:28:18,15:28:18,12175,79,,0,0,27.5082
5288310,15:30:09,15:30:09,9624,80,,0,0,28.1166
5288310,15:31:12,15:31:12,9639,81,,0,0,28.4624
5288310,15:34:00,15:34:00,11274,82,,0,0,29.372
5288311,15:29:00,15:29:00,10076,1,,0,0,
5288311,15:33:00,15:33:00,215,2,,0,0,0.9562
5288311,15:34:00,15:34:00,242,3,,0,0,1.1636
5288311,15:35:00,15:35:00,244,4,,0,0,1.3711
5288311,15:35:58,15:35:58,246,5,,0,0,1.5717
5288311,15:37:00,15:37:00,248,6,,0,0,1.7742
5288311,15:37:37,15:37:37,250,7,,0,0,1.9625
5288311,15:38:20,15:38:20,218,8,,0,0,2.1781
5288311,15:39:00,15:39:00,219,9,,0,0,2.3742
5288311,15:39:38,15:39:38,252,10,,0,0,2.577
5288311,15:40:16,15:40:16,9515,11,,0,0,2.7811
5288311,15:40:52,15:40:52,9516,12,,0,0,2.9745
5288311,15:41:21,15:41:21,9517,13,,0,0,3.1268
5288311,15:42:10,15:42:10,9518,14,,0,0,3.384
5288311,15:43:00,15:43:00,9519,15,,0,0,3.6325
5288311,15:43:50,15:43:50,9520,16,,0,0,3.8822
5288311,15:44:37,15:44:37,9521,17,,0,0,4.1205
5288311,15:45:31,15:45:31,9522,18,,0,0,4.3898
5288311,15:46:20,15:46:20,9523,19,,0,0,4.6358
5288311,15:47:00,15:47:00,11030,20,,0,0,4.8269
5288311,15:48:20,15:48:20,11409,21,,0,0,5.2749
5288311,15:49:13,15:49:13,11246,22,,0,0,5.572
5288311,15:50:15,15:50:15,11245,23,,0,0,5.9172
5288311,15:50:43,15:50:43,2503,24,,0,0,6.0745
5288311,15:51:26,15:51:26,2504,25,,0,0,6.3131
5288311,15:52:40,15:52:40,2505,26,,0,0,6.7262
5288311,15:55:00,15:55:00,9948,27,,0,0,7.4868
5288311,15:56:53,15:56:53,9950,28,,0,0,8.1068
5288311,15:58:18,15:58:18,12175,29,,0,0,8.5738
5288311,16:00:09,16:00:09,9624,30,,0,0,9.1821
5288311,16:01:12,16:01:12,9639,31,,0,0,9.5279
5288311,16:04:00,16:04:00,11274,32,,0,0,10.4375
5288312,15:19:00,15:19:00,162,1,,0,0,
5288312,15:19:23,15:19:23,163,2,,0,0,0.2311
5288312,15:20:30,15:20:30,147,3,,0,0,0.9073
5288312,15:21:12,15:21:12,148,4,,0,0,1.33
5288312,15:21:33,15:21:33,149,5,,0,0,1.5472
5288312,15:22:21,15:22:21,10699,6,,0,0,2.0329
5288312,15:22:47,15:22:47,150,7,,0,0,2.3002
5288312,15:23:22,15:23:22,151,8,,0,0,2.6533
5288312,15:25:31,15:25:31,11309,9,,0,0,3.957
5288312,15:27:31,15:27:31,12026,10,,0,0,5.1703
5288312,15:28:27,15:28:27,11310,11,,0,0,5.7395
5288312,15:29:03,15:29:03,2665,12,,0,0,6.1097
5288312,15:29:57,15:29:57,2651,13,,0,0,6.6531
5288312,15:31:00,15:31:00,10430,14,,0,0,7.2328
5288312,15:32:56,15:32:56,2652,15,,0,0,7.9567
5288312,15:33:32,15:33:32,2653,16,,0,0,8.1807
5288312,15:34:27,15:34:27,2654,17,,0,0,8.5218
5288312,15:34:54,15:34:54,10424,18,,0,0,8.6948
5288312,15:35:16,15:35:16,2655,19,,0,0,8.8328
5288312,15:36:00,15:36:00,76,20,,0,0,9.0924
5288312,15:36:46,15:36:46,2656,21,,0,0,9.4738
5288312,15:37:14,15:37:14,2657,22,,0,0,9.7048
5288312,15:38:01,15:38:01,4433,23,,0,0,10.0932
5288312,15:39:00,15:39:00,4434,24,,0,0,10.5592
5288312,15:39:46,15:39:46,4435,25,,0,0,10.8613
5288312,15:40:39,15:40:39,4436,26,,0,0,11.2103
5288312,15:42:01,15:42:01,4223,27,,0,0,11.7419
5288312,15:42:21,15:42:21,4224,28,,0,0,11.8779
5288312,15:42:52,15:42:52,4225,29,,0,0,12.082
5288312,15:43:21,15:43:21,4226,30,,0,0,12.2711
5288312,15:43:50,15:43:50,4227,31,,0,0,12.4622
5288312,15:44:18,15:44:18,4228,32,,0,0,12.6462
5288312,15:44:47,15:44:47,4229,33,,0,0,12.8403
5288312,15:45:16,15:45:16,4230,34,,0,0,13.0303
5288312,15:45:44,15:45:44,4231,35,,0,0,13.2174
5288312,15:46:20,15:46:20,4232,36,,0,0,13.4535
5288312,15:46:41,15:46:41,4233,37,,0,0,13.5955
5288312,15:47:07,15:47:07,4234,38,,0,0,13.7675
5288312,15:47:38,15:47:38,4235,39,,0,0,13.9706
5288312,15:48:07,15:48:07,3686,40,,0,0,14.1597
5288312,15:48:36,15:48:36,3687,41,,0,0,14.3537
5288312,15:49:05,15:49:05,3688,42,,0,0,14.5418
5288312,15:49:32,15:49:32,3689,43,,0,0,14.7192
5288312,15:49:56,15:49:56,3690,44,,0,0,14.879
5288312,15:50:46,15:50:46,3691,45,,0,0,15.2081
5288312,15:51:19,15:51:19,3692,46,,0,0,15.4251
5288312,15:51:46,15:51:46,3215,47,,0,0,15.6011
5288312,15:52:59,15:52:59,3218,48,,0,0,16.0788
5288312,15:53:48,15:53:48,3220,49,,0,0,16.4011
5288312,15:54:12,15:54:12,3221,50,,0,0,16.5571
5288312,16:02:14,16:02:14,277,51,,0,0,19.6815
5288312,16:03:00,16:03:00,215,52,,0,0,19.8906
5288312,16:04:00,16:04:00,242,53,,0,0,20.0981
5288312,16:05:00,16:05:00,244,54,,0,0,20.3056
5288312,16:05:58,16:05:58,246,55,,0,0,20.5062
5288312,16:07:00,16:07:00,248,56,,0,0,20.7087
5288312,16:07:37,16:07:37,250,57,,0,0,20.897
5288312,16:08:20,16:08:20,218,58,,0,0,21.1126
5288312,16:09:00,16:09:00,219,59,,0,0,21.3087
5288312,16:09:38,16:09:38,252,60,,0,0,21.5115
5288312,16:10:16,16:10:16,9515,61,,0,0,21.7156
5288312,16:10:52,16:10:52,9516,62,,0,0,21.909
5288312,16:11:21,16:11:21,9517,63,,0,0,22.0613
5288312,16:12:10,16:12:10,9518,64,,0,0,22.3185
5288312,16:13:00,16:13:00,9519,65,,0,0,22.567
5288312,16:13:50,16:13:50,9520,66,,0,0,22.8167
5288312,16:14:37,16:14:37,9521,67,,0,0,23.055
5288312,16:15:31,16:15:31,9522,68,,0,0,23.3242
5288312,16:16:20,16:16:20,9523,69,,0,0,23.5703
5288312,16:17:00,16:17:00,11030,70,,0,0,23.7614
5288312,16:18:20,16:18:20,11409,71,,0,0,24.2094
5288312,16:19:13,16:19:13,11246,72,,0,0,24.5065
5288312,16:20:15,16:20:15,11245,73,,0,0,24.8516
5288312,16:20:43,16:20:43,2503,74,,0,0,25.0089
5288312,16:21:26,16:21:26,2504,75,,0,0,25.2475
5288312,16:22:40,16:22:40,2505,76,,0,0,25.6606
5288312,16:25:00,16:25:00,9948,77,,0,0,26.4213
5288312,16:26:53,16:26:53,9950,78,,0,0,27.0412
5288312,16:28:18,16:28:18,12175,79,,0,0,27.5082
5288312,16:30:09,16:30:09,9624,80,,0,0,28.1166
5288312,16:31:12,16:31:12,9639,81,,0,0,28.4624
5288312,16:34:00,16:34:00,11274,82,,0,0,29.372
5288313,16:29:00,16:29:00,10076,1,,0,0,
5288313,16:33:00,16:33:00,215,2,,0,0,0.9562
5288313,16:34:00,16:34:00,242,3,,0,0,1.1636
5288313,16:35:00,16:35:00,244,4,,0,0,1.3711
5288313,16:35:58,16:35:58,246,5,,0,0,1.5717
5288313,16:37:00,16:37:00,248,6,,0,0,1.7742
5288313,16:37:37,16:37:37,250,7,,0,0,1.9625
5288313,16:38:20,16:38:20,218,8,,0,0,2.1781
5288313,16:39:00,16:39:00,219,9,,0,0,2.3742
5288313,16:39:38,16:39:38,252,10,,0,0,2.577
5288313,16:40:16,16:40:16,9515,11,,0,0,2.7811
5288313,16:40:52,16:40:52,9516,12,,0,0,2.9745
5288313,16:41:21,16:41:21,9517,13,,0,0,3.1268
5288313,16:42:10,16:42:10,9518,14,,0,0,3.384
5288313,16:43:00,16:43:00,9519,15,,0,0,3.6325
5288313,16:43:50,16:43:50,9520,16,,0,0,3.8822
5288313,16:44:37,16:44:37,9521,17,,0,0,4.1205
5288313,16:45:31,16:45:31,9522,18,,0,0,4.3898
5288313,16:46:20,16:46:20,9523,19,,0,0,4.6358
5288313,16:47:00,16:47:00,11030,20,,0,0,4.8269
5288313,16:48:20,16:48:20,11409,21,,0,0,5.2749
5288313,16:49:13,16:49:13,11246,22,,0,0,5.572
5288313,16:50:15,16:50:15,11245,23,,0,0,5.9172
5288313,16:50:43,16:50:43,2503,24,,0,0,6.0745
5288313,16:51:26,16:51:26,2504,25,,0,0,6.3131
5288313,16:52:40,16:52:40,2505,26,,0,0,6.7262
5288313,16:55:00,16:55:00,9948,27,,0,0,7.4868
5288313,16:56:53,16:56:53,9950,28,,0,0,8.1068
5288313,16:58:18,16:58:18,12175,29,,0,0,8.5738
5288313,17:00:09,17:00:09,9624,30,,0,0,9.1821
5288313,17:01:12,17:01:12,9639,31,,0,0,9.5279
5288313,17:04:00,17:04:00,11274,32,,0,0,10.4375
5288314,16:19:00,16:19:00,162,1,,0,0,
5288314,16:19:23,16:19:23,163,2,,0,0,0.2311
5288314,16:20:30,16:20:30,147,3,,0,0,0.9073
5288314,16:21:12,16:21:12,148,4,,0,0,1.33
5288314,16:21:33,16:21:33,149,5,,0,0,1.5472
5288314,16:22:21,16:22:21,10699,6,,0,0,2.0329
5288314,16:22:47,16:22:47,150,7,,0,0,2.3002
5288314,16:23:22,16:23:22,151,8,,0,0,2.6533
5288314,16:25:31,16:25:31,11309,9,,0,0,3.957
5288314,16:27:31,16:27:31,12026,10,,0,0,5.1703
5288314,16:28:27,16:28:27,11310,11,,0,0,5.7395
5288314,16:29:03,16:29:03,2665,12,,0,0,6.1097
5288314,16:29:57,16:29:57,2651,13,,0,0,6.6531
5288314,16:31:00,16:31:00,10430,14,,0,0,7.2328
5288314,16:32:56,16:32:56,2652,15,,0,0,7.9567
5288314,16:33:32,16:33:32,2653,16,,0,0,8.1807
5288314,16:34:27,16:34:27,2654,17,,0,0,8.5218
5288314,16:34:54,16:34:54,10424,18,,0,0,8.6948
5288314,16:35:16,16:35:16,2655,19,,0,0,8.8328
5288314,16:36:00,16:36:00,76,20,,0,0,9.0924
5288314,16:36:46,16:36:46,2656,21,,0,0,9.4738
5288314,16:37:14,16:37:14,2657,22,,0,0,9.7048
5288314,16:38:01,16:38:01,4433,23,,0,0,10.0932
5288314,16:39:00,16:39:00,4434,24,,0,0,10.5592
5288314,16:39:46,16:39:46,4435,25,,0,0,10.8613
5288314,16:40:39,16:40:39,4436,26,,0,0,11.2103
5288314,16:42:01,16:42:01,4223,27,,0,0,11.7419
5288314,16:42:21,16:42:21,4224,28,,0,0,11.8779
5288314,16:42:52,16:42:52,4225,29,,0,0,12.082
5288314,16:43:21,16:43:21,4226,30,,0,0,12.2711
5288314,16:43:50,16:43:50,4227,31,,0,0,12.4622
5288314,16:44:18,16:44:18,4228,32,,0,0,12.6462
5288314,16:44:47,16:44:47,4229,33,,0,0,12.8403
5288314,16:45:16,16:45:16,4230,34,,0,0,13.0303
5288314,16:45:44,16:45:44,4231,35,,0,0,13.2174
5288314,16:46:20,16:46:20,4232,36,,0,0,13.4535
5288314,16:46:41,16:46:41,4233,37,,0,0,13.5955
5288314,16:47:07,16:47:07,4234,38,,0,0,13.7675
5288314,16:47:38,16:47:38,4235,39,,0,0,13.9706
5288314,16:48:07,16:48:07,3686,40,,0,0,14.1597
5288314,16:48:36,16:48:36,3687,41,,0,0,14.3537
5288314,16:49:05,16:49:05,3688,42,,0,0,14.5418
5288314,16:49:32,16:49:32,3689,43,,0,0,14.7192
5288314,16:49:56,16:49:56,3690,44,,0,0,14.879
5288314,16:50:46,16:50:46,3691,45,,0,0,15.2081
5288314,16:51:19,16:51:19,3692,46,,0,0,15.4251
5288314,16:51:46,16:51:46,3215,47,,0,0,15.6011
5288314,16:52:59,16:52:59,3218,48,,0,0,16.0788
5288314,16:53:48,16:53:48,3220,49,,0,0,16.4011
5288314,16:54:12,16:54:12,3221,50,,0,0,16.5571
5288314,17:02:14,17:02:14,277,51,,0,0,19.6815
5288314,17:03:00,17:03:00,215,52,,0,0,19.8906
5288314,17:04:00,17:04:00,242,53,,0,0,20.0981
5288314,17:05:00,17:05:00,244,54,,0,0,20.3056
5288314,17:05:58,17:05:58,246,55,,0,0,20.5062
5288314,17:07:00,17:07:00,248,56,,0,0,20.7087
5288314,17:07:37,17:07:37,250,57,,0,0,20.897
5288314,17:08:20,17:08:20,218,58,,0,0,21.1126
5288314,17:09:00,17:09:00,219,59,,0,0,21.3087
5288314,17:09:38,17:09:38,252,60,,0,0,21.5115
5288314,17:10:16,17:10:16,9515,61,,0,0,21.7156
5288314,17:10:52,17:10:52,9516,62,,0,0,21.909
5288314,17:11:21,17:11:21,9517,63,,0,0,22.0613
5288314,17:12:10,17:12:10,9518,64,,0,0,22.3185
5288314,17:13:00,17:13:00,9519,65,,0,0,22.567
5288314,17:13:50,17:13:50,9520,66,,0,0,22.8167
5288314,17:14:37,17:14:37,9521,67,,0,0,23.055
5288314,17:15:31,17:15:31,9522,68,,0,0,23.3242
5288314,17:16:20,17:16:20,9523,69,,0,0,23.5703
5288314,17:17:00,17:17:00,11030,70,,0,0,23.7614
5288314,17:18:20,17:18:20,11409,71,,0,0,24.2094
5288314,17:19:13,17:19:13,11246,72,,0,0,24.5065
5288314,17:20:15,17:20:15,11245,73,,0,0,24.8516
5288314,17:20:43,17:20:43,2503,74,,0,0,25.0089
5288314,17:21:26,17:21:26,2504,75,,0,0,25.2475
5288314,17:22:40,17:22:40,2505,76,,0,0,25.6606
5288314,17:25:00,17:25:00,9948,77,,0,0,26.4213
5288314,17:26:53,17:26:53,9950,78,,0,0,27.0412
5288314,17:28:18,17:28:18,12175,79,,0,0,27.5082
5288314,17:30:09,17:30:09,9624,80,,0,0,28.1166
5288314,17:31:12,17:31:12,9639,81,,0,0,28.4624
5288314,17:34:00,17:34:00,11274,82,,0,0,29.372
5288315,17:29:00,17:29:00,10076,1,,0,0,
5288315,17:33:00,17:33:00,215,2,,0,0,0.9562
5288315,17:34:00,17:34:00,242,3,,0,0,1.1636
5288315,17:35:00,17:35:00,244,4,,0,0,1.3711
5288315,17:35:58,17:35:58,246,5,,0,0,1.5717
5288315,17:37:00,17:37:00,248,6,,0,0,1.7742
5288315,17:37:37,17:37:37,250,7,,0,0,1.9625
5288315,17:38:20,17:38:20,218,8,,0,0,2.1781
5288315,17:39:00,17:39:00,219,9,,0,0,2.3742
5288315,17:39:38,17:39:38,252,10,,0,0,2.577
5288315,17:40:16,17:40:16,9515,11,,0,0,2.7811
5288315,17:40:52,17:40:52,9516,12,,0,0,2.9745
5288315,17:41:21,17:41:21,9517,13,,0,0,3.1268
5288315,17:42:10,17:42:10,9518,14,,0,0,3.384
5288315,17:43:00,17:43:00,9519,15,,0,0,3.6325
5288315,17:43:50,17:43:50,9520,16,,0,0,3.8822
5288315,17:44:37,17:44:37,9521,17,,0,0,4.1205
5288315,17:45:31,17:45:31,9522,18,,0,0,4.3898
5288315,17:46:20,17:46:20,9523,19,,0,0,4.6358
5288315,17:47:00,17:47:00,11030,20,,0,0,4.8269
5288315,17:48:20,17:48:20,11409,21,,0,0,5.2749
5288315,17:49:13,17:49:13,11246,22,,0,0,5.572
5288315,17:50:15,17:50:15,11245,23,,0,0,5.9172
5288315,17:50:43,17:50:43,2503,24,,0,0,6.0745
5288315,17:51:26,17:51:26,2504,25,,0,0,6.3131
5288315,17:52:40,17:52:40,2505,26,,0,0,6.7262
5288315,17:55:00,17:55:00,9948,27,,0,0,7.4868
5288315,17:56:53,17:56:53,9950,28,,0,0,8.1068
5288315,17:58:18,17:58:18,12175,29,,0,0,8.5738
5288315,18:00:09,18:00:09,9624,30,,0,0,9.1821
5288315,18:01:12,18:01:12,9639,31,,0,0,9.5279
5288315,18:04:00,18:04:00,11274,32,,0,0,10.4375
5288316,17:19:00,17:19:00,162,1,,0,0,
5288316,17:19:23,17:19:23,163,2,,0,0,0.2311
5288316,17:20:30,17:20:30,147,3,,0,0,0.9073
5288316,17:21:12,17:21:12,148,4,,0,0,1.33
5288316,17:21:33,17:21:33,149,5,,0,0,1.5472
5288316,17:22:21,17:22:21,10699,6,,0,0,2.0329
5288316,17:22:47,17:22:47,150,7,,0,0,2.3002
5288316,17:23:22,17:23:22,151,8,,0,0,2.6533
5288316,17:25:31,17:25:31,11309,9,,0,0,3.957
5288316,17:27:31,17:27:31,12026,10,,0,0,5.1703
5288316,17:28:27,17:28:27,11310,11,,0,0,5.7395
5288316,17:29:03,17:29:03,2665,12,,0,0,6.1097
5288316,17:29:57,17:29:57,2651,13,,0,0,6.6531
5288316,17:31:00,17:31:00,10430,14,,0,0,7.2328
5288316,17:32:56,17:32:56,2652,15,,0,0,7.9567
5288316,17:33:32,17:33:32,2653,16,,0,0,8.1807
5288316,17:34:27,17:34:27,2654,17,,0,0,8.5218
5288316,17:34:54,17:34:54,10424,18,,0,0,8.6948
5288316,17:35:16,17:35:16,2655,19,,0,0,8.8328
5288316,17:36:00,17:36:00,76,20,,0,0,9.0924
5288316,17:36:46,17:36:46,2656,21,,0,0,9.4738
5288316,17:37:14,17:37:14,2657,22,,0,0,9.7048
5288316,17:38:01,17:38:01,4433,23,,0,0,10.0932
5288316,17:39:00,17:39:00,4434,24,,0,0,10.5592
5288316,17:39:46,17:39:46,4435,25,,0,0,10.8613
5288316,17:40:39,17:40:39,4436,26,,0,0,11.2103
5288316,17:42:01,17:42:01,4223,27,,0,0,11.7419
5288316,17:42:21,17:42:21,4224,28,,0,0,11.8779
5288316,17:42:52,17:42:52,4225,29,,0,0,12.082
5288316,17:43:21,17:43:21,4226,30,,0,0,12.2711
5288316,17:43:50,17:43:50,4227,31,,0,0,12.4622
5288316,17:44:18,17:44:18,4228,32,,0,0,12.6462
5288316,17:44:47,17:44:47,4229,33,,0,0,12.8403
5288316,17:45:16,17:45:16,4230,34,,0,0,13.0303
5288316,17:45:44,17:45:44,4231,35,,0,0,13.2174
5288316,17:46:20,17:46:20,4232,36,,0,0,13.4535
5288316,17:46:41,17:46:41,4233,37,,0,0,13.5955
5288316,17:47:07,17:47:07,4234,38,,0,0,13.7675
5288316,17:47:38,17:47:38,4235,39,,0,0,13.9706
5288316,17:48:07,17:48:07,3686,40,,0,0,14.1597
5288316,17:48:36,17:48:36,3687,41,,0,0,14.3537
5288316,17:49:05,17:49:05,3688,42,,0,0,14.5418
5288316,17:49:32,17:49:32,3689,43,,0,0,14.7192
5288316,17:49:56,17:49:56,3690,44,,0,0,14.879
5288316,17:50:46,17:50:46,3691,45,,0,0,15.2081
5288316,17:51:19,17:51:19,3692,46,,0,0,15.4251
5288316,17:51:46,17:51:46,3215,47,,0,0,15.6011
5288316,17:52:59,17:52:59,3218,48,,0,0,16.0788
5288316,17:53:48,17:53:48,3220,49,,0,0,16.4011
5288316,17:54:12,17:54:12,3221,50,,0,0,16.5571
5288316,18:02:14,18:02:14,277,51,,0,0,19.6815
5288316,18:03:00,18:03:00,215,52,,0,0,19.8906
5288316,18:04:00,18:04:00,242,53,,0,0,20.0981
5288316,18:05:00,18:05:00,244,54,,0,0,20.3056
5288316,18:05:58,18:05:58,246,55,,0,0,20.5062
5288316,18:07:00,18:07:00,248,56,,0,0,20.7087
5288316,18:07:37,18:07:37,250,57,,0,0,20.897
5288316,18:08:20,18:08:20,218,58,,0,0,21.1126
5288316,18:09:00,18:09:00,219,59,,0,0,21.3087
5288316,18:09:38,18:09:38,252,60,,0,0,21.5115
5288316,18:10:16,18:10:16,9515,61,,0,0,21.7156
5288316,18:10:52,18:10:52,9516,62,,0,0,21.909
5288316,18:11:21,18:11:21,9517,63,,0,0,22.0613
5288316,18:12:10,18:12:10,9518,64,,0,0,22.3185
5288316,18:13:00,18:13:00,9519,65,,0,0,22.567
5288316,18:13:50,18:13:50,9520,66,,0,0,22.8167
5288316,18:14:37,18:14:37,9521,67,,0,0,23.055
5288316,18:15:31,18:15:31,9522,68,,0,0,23.3242
5288316,18:16:20,18:16:20,9523,69,,0,0,23.5703
5288316,18:17:00,18:17:00,11030,70,,0,0,23.7614
5288316,18:18:20,18:18:20,11409,71,,0,0,24.2094
5288316,18:19:13,18:19:13,11246,72,,0,0,24.5065
5288316,18:20:15,18:20:15,11245,73,,0,0,24.8516
5288316,18:20:43,18:20:43,2503,74,,0,0,25.0089
5288316,18:21:26,18:21:26,2504,75,,0,0,25.2475
5288316,18:22:40,18:22:40,2505,76,,0,0,25.6606
5288316,18:25:00,18:25:00,9948,77,,0,0,26.4213
5288316,18:26:53,18:26:53,9950,78,,0,0,27.0412
5288316,18:28:18,18:28:18,12175,79,,0,0,27.5082
5288316,18:30:09,18:30:09,9624,80,,0,0,28.1166
5288316,18:31:12,18:31:12,9639,81,,0,0,28.4624
5288316,18:34:00,18:34:00,11274,82,,0,0,29.372
5288317,18:29:00,18:29:00,10076,1,,0,0,
5288317,18:33:00,18:33:00,215,2,,0,0,0.9562
5288317,18:34:00,18:34:00,242,3,,0,0,1.1636
5288317,18:35:00,18:35:00,244,4,,0,0,1.3711
5288317,18:35:58,18:35:58,246,5,,0,0,1.5717
5288317,18:37:00,18:37:00,248,6,,0,0,1.7742
5288317,18:37:37,18:37:37,250,7,,0,0,1.9625
5288317,18:38:20,18:38:20,218,8,,0,0,2.1781
5288317,18:39:00,18:39:00,219,9,,0,0,2.3742
5288317,18:39:38,18:39:38,252,10,,0,0,2.577
5288317,18:40:16,18:40:16,9515,11,,0,0,2.7811
5288317,18:40:52,18:40:52,9516,12,,0,0,2.9745
5288317,18:41:21,18:41:21,9517,13,,0,0,3.1268
5288317,18:42:10,18:42:10,9518,14,,0,0,3.384
5288317,18:43:00,18:43:00,9519,15,,0,0,3.6325
5288317,18:43:50,18:43:50,9520,16,,0,0,3.8822
5288317,18:44:37,18:44:37,9521,17,,0,0,4.1205
5288317,18:45:31,18:45:31,9522,18,,0,0,4.3898
5288317,18:46:20,18:46:20,9523,19,,0,0,4.6358
5288317,18:47:00,18:47:00,11030,20,,0,0,4.8269
5288317,18:48:20,18:48:20,11409,21,,0,0,5.2749
5288317,18:49:13,18:49:13,11246,22,,0,0,5.572
5288317,18:50:15,18:50:15,11245,23,,0,0,5.9172
5288317,18:50:43,18:50:43,2503,24,,0,0,6.0745
5288317,18:51:26,18:51:26,2504,25,,0,0,6.3131
5288317,18:52:40,18:52:40,2505,26,,0,0,6.7262
5288317,18:55:00,18:55:00,9948,27,,0,0,7.4868
5288317,18:56:53,18:56:53,9950,28,,0,0,8.1068
5288317,18:58:18,18:58:18,12175,29,,0,0,8.5738
5288317,19:00:09,19:00:09,9624,30,,0,0,9.1821
5288317,19:01:12,19:01:12,9639,31,,0,0,9.5279
5288317,19:04:00,19:04:00,11274,32,,0,0,10.4375
5668132,11:24:00 PM,11:24:00 PM,25001,1,,0,0,
5668132,11:25:00 PM,11:25:00 PM,25003,2,,0,0,1.3742
5668132,11:27:00 PM,11:27:00 PM,25005,3,,0,0,2.5773
5668132,11:30:00 PM,11:30:00 PM,25007,4,,0,0,3.5876
5668132,11:31:00 PM,11:31:00 PM,25009,5,,0,0,4.3215
5668132,11:33:00 PM,11:33:00 PM,25011,6,,0,0,4.8603
5668132,11:35:00 PM,11:35:00 PM,25013,7,,0,0,5.6199
5668132,11:37:00 PM,11:37:00 PM,25015,8,,0,0,6.3536
5668132,11:39:00 PM,11:39:00 PM,25017,9,,0,0,7.4284
5668132,11:41:00 PM,11:41:00 PM,25019,10,,0,0,8.2966
5668132,11:43:00 PM,11:43:00 PM,25021,11,,0,0,9.1513
5668132,11:45:00 PM,11:45:00 PM,25023,12,,0,0,9.8052
5668132,11:47:00 PM,11:47:00 PM,25025,13,,0,0,10.2099
5668132,11:50:00 PM,11:50:00 PM,25027,14,,0,0,10.7229
5668132,11:53:00 PM,11:53:00 PM,25050,15,,0,0,10.907
5668132,11:56:00 PM,11:56:00 PM,25029,16,,0,0,11.3226
5668132,11:58:00 PM,11:58:00 PM,25031,17,,0,0,11.8263
5668132,24:00:00,24:00:00,25033,18,,0,0,12.5417
5668132,24:02:00,24:02:00,25035,19,,0,0,13.6543
5668132,24:05:00,24:05:00,25037,20,,0,0,14.4051
5668132,24:08:00,24:08:00,25039,21,,0,0,15.7166
5668132,24:11:00,24:11:00,25041,22,,0,0,16.6271
5668132,24:13:00,24:13:00,25043,23,,0,0,17.2481
5668132,24:14:00,24:14:00,25045,24,,0,0,18.1042
5668132,24:19:00,24:19:00,25048,25,,0,0,20.1719
